id,value
5/1/10,25.74544297392792
4/1/09,21.784809326807462
9/1/13,4.920970716141116
1/1/06,3.044713586695887
2/1/07,6.684268925622182
8/1/12,12.301378607431404
6/1/14,23.341172808580684
3/1/08,14.38619280386288
12/1/04,0.3634985764395493
7/1/11,19.7984501435689
