id,value
5/1/10,25.65356165749158
4/1/09,21.744537419288587
9/1/13,5.189879248630874
1/1/06,1.97250640419061
2/1/07,7.6331203356843815
8/1/12,13.31081635446268
6/1/14,24.346762093601487
3/1/08,15.031393359814956
12/1/04,0.9244153325928437
7/1/11,20.85389750049162
