id,value
5/1/10,19.92320563706588
4/1/09,15.21826747806248
9/1/13,15.889130717368785
1/1/06,-1.5090877166568881
2/1/07,19.991602294883922
8/1/12,17.689192907349057
6/1/14,10.581725976877115
3/1/08,19.066435880017877
12/1/04,8.288145710737894
7/1/11,14.961162629429129
