id,value
5/1/10,21.686781469394166
4/1/09,21.712693402117218
9/1/13,4.30094009866931
1/1/06,7.002389538940812
2/1/07,14.50932926263329
8/1/12,10.760553295986623
6/1/14,18.509044676802255
3/1/08,19.383356344736644
12/1/04,1.2873025006397931
7/1/11,16.053918122004983
